nome,endereco
3G CELL LTDA,"Rua José de Oscar de Abreu Sampaio, 397  - Rua José de Oscar de Abreu Sampaio, 397 - Jardim Anália Franco - SP"
A. ALBERTO ELIAS CHENU – ME,"Alameda França, 435 - Jardim Paulista - Unidade 41 - São Paulo - SP - SP"
ADONAY ALVES SIQUEIRA VIEIRA,"""R MONTE SINAI, 55 - CIDADE ANTONIO ESTEVAO DE CARVALHO"" - São Paulo - SP - SP"
estado,cidade,title,endereco
AC,Rio Branco,Unidade de Negócio Rio Branco - AC,"AV. ANTONIO DA ROCHA VIANA, 2585, SALA 04 - GALERIA AMÉRICA"
AL,Maceió,Unidade de Negócio Maceió,"Rua Epaminondas Gracindo, 171, Pajuçara Maceio - Al CEP:57030-103"
AM,Manaus,Unidade de Negócio Manaus,"Av. Autaz Mirim, 2439  CEP: 69082-265"
BA,Barreiras,Barreiras - BA,"Rua Doutor Abílio Farias, 657 – Renato Gonçalves, Barreiras - BA"
BA,Camaçari,Unidade de Negócio Camaçari,Avenida Jorge Amado S/N - Loja 13 - Estacionamento do Atakarejo Camaçari - Jardim Limoeiro -  Camaçari - BA
BA,Lauro de Freitas,Unidade de Negócio Lauro de Freitas,"Av. Santos Dumont, 2774 - Shopping Ponto Verde (Lj 17), Centro  CEP:42702-400"
BA,Luís Eduardo Magalhães,Unidade de negógcio Luis Eduardo Magalhães,"Rua Cleriston Andrade, 909, sala 101, Centro.  Luís Eduardo Magalhães - BA"
BA,Salvador,Unidade de Negócio Salvador ,"Edifício Evo - Rua Rubens Guelli, 68 - Itaigara, Salvador - BA, 41815-135"
BA,Salvador,Salvador II,"Av. Octávio Mangabeira, 3551 - Jardim Armação, Salvador - BA, 41750-240"
CE,Fortaleza,Unidade de Negócio Fortaleza,"Av. Desembargador Moreira, nº 1701, Bairro Aldeota - CEP 60.170-001."
CE,Fortaleza,Unidade Fortaleza - Edson Queiroz,"PEDRO ADRIANO, 145 Casa 01"
DF,Águas Claras,Águas Claras,"Rua 36, número SN, LOTE: 9; LOJA: 2, Bairro: Norte, Águas Claras - DF, CEP: 71.919-180"
DF,Brasília ,Unidade de Negócio Brasilia,"SHS QD 1 Bloco A LJ 33/34 Galeria Hotel Nacional - Asa Sul, Brasília - DF, 70311-000"
ES,Vila Velha,Unidade de Negócio Vila Velha,"Rua Henrique Moscoso nº 606, Praia da Costa, Vila Velha - Espirito Santo CEP:29101-330"
ES,Vitória,Unidade de Negócio Vitoria,"Rua Cassiano Antônio Morães, 95, loja 01 Enseada do Suá, CEP: 29050-525"
Flórida,Miami,MIAMI - Flórida - USA,"175 SW 7TH ST # 1818 MIAMI, FL 33130-2959"
Flórida,Orlando,ORLANDO - Flórida - USA,"5605 International Dr., Orlando, F. "
GO,Anápolis,Unidade de Negócio Anapolis,"Rua Desembargador Vicente Miguel, Jundiaí CEP: 75110-230"
GO,Goiânia,Unidade de Negócio Goiânia,"Alameda Ricardo Paranhos, 237 Qd. 228 Lts 18/17 Sala 2 Setor Marista - Goiânia/GO 74.175-020"
GO,Goiânia,Unidade de Negócio Praça do Sol,"Rua 22, 86 - Setor Oeste,   CEP: 74120-130"
GO,Goiânia,Unidade de Negócio Goiânia Marista,"AVENIDA T 9 - Nº: H20,  SETOR BUENO CEP: 74215-025"
GO,Itumbiara,Unidade de Negócio Itumbiara,"Av. Novacap, 45 - Alto da Boa Vista, Itumbiara, CEP 75523-030 "
GO,Rio Verde,Unidade de Negócio Rio Verde,"Rua João Braz, QD1 L6, sala 3  Jardim Marconal, CEP: 75901-570"
MA,São Luís do Maranhão,Unidade de Negócio Sao Luis - MA,"Av. dos Holandeses/cons. Hilton Rodrigues, Sao Luis - MA CEP: 65110-000"
Maranhão,Imperatriz,IMPERATRIZ - MA,"Av. Bernardo Sayão, 1090 - Três Poderes, Imperatriz - MA"
MG,Belo Horizonte,Unidade BH Lourdes,"Rua  Bias Fortes, 451 - loja 4 - Lourdes, CEP: 30170-011"
MG,Belo Horizonte,Unidade BH Raja,"Av. Raja Gabáglia, 3700 - loja 10 -  CEP: 30494-310"
MG,Belo Horizonte,Unidade de Negócio Lourdes ||,"Rua Rio de Janeiro, 1751,  salas 901 e 902, Bairro Lourdes, CEP n° 30160-046 em Belo Horizonte - MG"
MG,Conselheiro Lafaiete,Unidade de Negócio Conselheiro Lafaiete,"R. Dudu Nascimento, 390 - Centro, Conselheiro Lafaiete"
MG,Contagem,Unidade de negócio Contagem,"Av. João César de Oliveira, 6654 - Contagem - MG"
MG,Juiz de Fora,Unidade de negócio Juiz de Fora,"Ladeira Alexandre Leonel, 221 - Loja 210 - Juiz de Fora - MG"
MG,Muriaé,Unidade de Negócio Muriae,"Rua Benedito Valadares, Barra, Muriaé - MG - CEP 36884084"
MG,Poços de Caldas,Unidade de Negócio Poços de Caldas,"R. Argentina, 455 - 03 - Jardim Quisisana Poços de Caldas - MG, 37701-248"
MG,São João Del Rei,Unidade de Negócio São João Del Rei,"Avenida Trinta e Um de Março, 620 - São Francisco (Colônia do Marçal)São João del Rei - MG, 36302-016"
MG,Uberaba,Unidade de Negócio Uberaba,"Avenida Doutor Fidélis Réis, 580 - loja 02"
MG,Uberlândia,Unidade de Negócio Uberlandia,"Avenida dos Municípios, 96, Maracanã"
MG,Uberlândia,Uberlândia Martins,"R. Arlindo Teixeira, 65 – Bairro Martins, Uberlândia - MG, 38400-352"
MS,Campo Grande,Unidade de Negócio Campo Grande,"Rua Rio Grande do Sul, 1311, Jardim dos Estados CEP: 79020-011"
MS,Campo Grande,Unidade de Negócio Campo Grande 2,"Rua Jeribá, 454, Sala 14, Vila Manoel da Costa Lima, Campo Grande MS, CEP 79040-120."
MS,Campo Grande,Campo Grande Centro,"Rua Cândido Mariano, nº 2452, CEP: 79025-000"
MS,Dourados,Unidade de Negócio Dourados,Rua Onofre Pereira de Matos nº 1475 - Sala 01 Centro  CEP: 79802-010 
MT,Barra do Garças,Unidade de Barra do Garças,"Rua Goiás, Qd 14, Lt 01, Centro - Barra do Garças - MT"
MT,Campo Verde,Unidade de Negócio Campo Verde,"Av. Mato Grosso, Quadra 34, Lote 4U, bairro Campo Real II"
MT,Cuiabá,Unidade de Negócio Cuiaba,"Rua Conselheiro Ênio Vieira, 2446 -Jardim Alvorada, CEP: 78048-415"
MT,Lucas do Rio Verde,Unidade de Negócio Lucas do Rio Verde,"Av. das Nações, 172,  Lucas do Rio Verde/MT"
MT,Nova Mutum,Unidade de Negócio Nova Mutum,"R. das Helicônias, 708 - 03 - Jardim das Orquídeas Nova Mutum - MT, 78450-004"
MT,Primavera do Leste,Unidade de Negócio Primavera do Leste,"R. Piracicaba, 864 - Primavera I Primavera do Leste - MT CEP: 78850-000"
MT,Rondonópolis,Unidade de Negócio Rondonópolis,"Avenida Frei Servácio, 601, La Salle, CEP: 78710-004"
MT,Sinop,Unidade de Negócio Sinop,"Av. dos Tarumãs, 2582 - Jardim Maringá,Sinop - MT,CEP: 78556-250"
MT,Sorriso,Unidade de Negócio Sorriso,"Av. Natalino João Brescansin, 548 – Centro-Sul   CEP 78.896-072"
MT,Tangara da Serra,Unidade de Negócio Tangara da Serra,"Avenida Brasil, 564 E - Centro, CEP: 78300-000  Tangará da Serra - MT"
PA,Belém,Unidade de negócio Belém - PA,"Travessia Antônio Baena, 882 - Marco, Belém - PA, 66093-082"
Paraná,Maringá,Maringá Teixeira Mendes,"Avenida Doutor Luiz Teixeira Mendes, 969 - Cep: 87015-000"
Paraná,Porto Rico,Porto Rico,"Rua trav Riviera, nr 1915 Sl 10-B QD 03 Lt 04/17-B Loteamento Riviera - 87.950-000"
PB,CAMPINA GRANDE,Unidade Campina Grande - PB,"AV PREFEITO SEVERINO CABRAL, 95 2º andar Loja 212"
PB,João Pessoa,Unidade de Negócio Joao - Pessoa,"Rua Artur Vilhena de Carvalho, S/N - Loja 2 , Altiplano Cabo Branco, CEP:58046-030"
PB,João Pessoa,Unidade João Pessoa - Tambaú,"Av. Sen. Ruy Carneiro, 279 - Tambaú, João Pessoa - PB, 58039-180"
PE,Caruaru,Caruaru - PE,"Av. Dom Bôsco, 106 - Maurício de Nassau, Caruaru - PE"
PE,Garanhuns,Unidade de Negócio Garanhuns,"Rua Dom José, 234, Sala 02, Bairro Santo Antonio  Garanhuns – PE, CEP: 55293-120"
PE,Petrolina,Unidade Petrolina - PE,"Dantas Barreto, nº 02 B - Vila Eduardo, Petrolina - PE - CEP: 56328-120"
PE,Recife,Unidade de Negócio Recife,"Av. Engenheiro Domingos Ferreira nº 431, Loja B   Bairro do Pina  CEP 51.011-050"
PI,Teresina,Unidade de Negócio Teresina,"Av. Dom Severino, 879 - Fátima, CEP:64052-535"
PI,Teresina,Teresina - PI,"Av. Dom Severino, 1733 - Sala 12 - Fátima, Teresina - PI, 64049-380"
PR,Alm. Tamandaré,Unidade de Negócio Almirante Tamandaré,"Rua Avenida Francisco Kruger, 6330, Cachoeira CEP: 83504-490"
PR,Apucarana,UNIDADE APUCARANA PR,RUA DESEMBARGADOR CLOTÁRIO PORTUGAL 1511 SL04 86812-490
PR,Arapongas,Unidade de Negócio Arapongas,"Rua Marabu, 1094,sala 01 Centro, CEP:86.701-400"
PR,Araucária,Unidade de Negócio Araucária,"Av. Dr. Victor do Amaral, 1020 - Sala 01  Araucenter, Centro, CEP: 83702-040"
PR,Campo Largo,Unidade de Negócio Campo Largo,"Rua Centenário, 1667, Centro  CEP: 83601-000"
PR,Campo Mourão,Unidade de Negócio Campo-Mourao,"Rua Santa Cruz, 1265 - Centro, Campo Mourão - PR, 87303-190"
PR,Cascavel,Unidade de Negócio Cascavel,"Rua Recife , 2314, Coqueiral, CEP: 85807-060"
PR,Castro,Unidade de Negócio Castro,"Rua Doutor Romário Martins, 536 - Sala 01 - Centro CEP: 84165-010"
PR,Cianorte,Unidade de Negócio Cianorte,"R. Piratininga, 238 - Zona 01, Cianorte - PR, 87200-000"
PR,Colombo,Unidade de Negócio Colombo,"Rodovia da Uva, 1041 - Loja 02, CEP: 83402-000"
PR,Curitiba,SEDE ADEMICON - CURITIBA - PR,"Av. Sete de Setembro, 5870 - Batel"
PR,Curitiba,Unidade de Negócio Batel-1,"Rua Av. Sete de setembro, 5914 - Batel,  CEP: 80240-000"
PR,Curitiba,Unidade de Negócio Batel-2,"Av. Sete de setembro, 5863 - Batel, CEP: 80240-001"
PR,Curitiba,Unidade de Negócio Curitiba - Champagnat,"Edificio Helbor, Rua Padre Anchieta, 2050, Sala 1007, CEP: 80730-000"
PR,Curitiba,Unidade de Negócio Curitiba - Kennedy,"Avenida Presidente Kennedy, 651, Parolin, CEP: 80220-200"
PR,Curitiba,Unidade de Negócio Curitiba - Merces,"Rua Brigadeiro Franco, 747, Mercês,  CEP: 80430-210"
PR,Curitiba,Unidade de Negócio Cajuru,"Avenida Vicente de Carvalho, 113, Cajuru  CEP: 82940-370"
PR,Curitiba,Unidade de Negócio Juvevê,"Rua Alberto Bolliger, 700, Juvevê CEP:80030-280"
PR,Curitiba,Unidade de Negócio Hauer,"R. Anne Frank, 1915 - Hauer CEP: 81610-020"
PR,Curitiba,Unidade de Negócio Curitiba (Santa Felicidade),"Avenida Manoel Ribas, 4824, Lj 01, Santa Felicidade  CEP: 82400-000"
PR,Curitiba,Unidade de Negócio Curitiba (Alto da XV),"Rua Mal Deodoro, 1600, Alto da XV   CEP: 80045-090"
PR,Curitiba,Unidade de Negócio Curitiba (Ecoville),"R. Prof. João Falarz, 1765 - Campo Comprido Ecoville, CEP: 81280-330"
PR,Curitiba,Unidade de Negócio Curitiba (Rebouças),"Rua Lamenha Lins, 1547, Rebouças  CEP: 80250-020"
PR,Curitiba,Unidade de Negócio Curitiba (Ahú),"Avenida Anita Garibaldi, 2319, Lj 01, Ahú    CEP: 82200-530"
PR,Curitiba,Unidade de Negócio Portão,"Avenida Rep. Argentina, 2557 - Portão   80610-260"
PR,Curitiba,Unidade de Negócio Bacacheri,"Rua Estados Unidos, 1205, Bacacheri, 82510-050"
PR,Curitiba,Unidade de Negócio CWB - Uberaba - PR,"Av. Senador Salgado Filho, n° 4566, loja 13, Express Mall Salgado Filho, Bairro Uberaba, CEP n° 81570-001 em Curitiba - PR"
PR,Curitiba,Unidade de Negócio Água Verde,"R. Castro, 730, loja 3 - Água Verde, Curitiba - PR, 80620-300"
PR,Curitiba,Unidade Sítio Cercado,"R. Izaac Ferreira da Cruz, 4615 - Sítio Cercado, Curitiba – PR"
PR,Curitiba,UNIDADE JARDIM SOCIAL,"R. Fagundes Varela, n.º 1722, LOJA 09 - Jardim Social, Curitiba - PR, 82590-300"
PR,Curitiba,UNIDADE SANTA CÂNDIDA,"Rua Fernando de Noronha, 1089 - Santa Cândida, Curitiba - PR, 82650-145"
PR,Curitiba,UNIDADE CURITIBA CENTRO,"Rua Vicente Machado, 1412 - Centro, Curitiba - PR, 80420-011"
PR,Curitiba,CWB ESTAÇÃO ,"Av. Silva Jardim, nº 465 - Rebouças, Curitiba - PR, 80230-000. "
PR,Fazenda Rio Grande,Unidade de Negócio Fazenda Rio Grande,"Avenida Araucárias, 142 - loja 37 - Eucaliptos  CEP: 83820-071"
PR,Foz do Iguaçu,Unidade de Negócio Foz do Iguaçu,"Rua Santos Dumont, 1150, Centro, Foz do Iguaçu - PR , 85851-040"
PR,Francisco Beltrão,Unidade de Negócio Francisco Beltrão,"Rua Tenente Camargo, 1312, Presidente Kennedy   CEP: 85605-090"
PR,Guarapuava,Unidade de Negócio Guarapuava,"R. Romeu Karpinski Rocha, 3736 - Bonsucesso, Guarapuava - PR, 85035-310"
PR,Guaratuba,Unidade de Negócio Guaratuba,"Avenida José Nicolau Abagge, 543, CEP: 83280-000"
PR,Irati,Unidade de Negócio Irati,Rua Dr. Correia 159 – Centro CEP 84500-021 Irati -PR
PR,Jaguariaiva,Unidade de Negócio Jaguariaiva,"Av. Governador Paulo da Cruz Pimentel, nº 374 CEP: 84.200-000 Bairro: Jardim Nossa Senhora de Fátima. Jaguariaiva - PR"
PR,Londrina,Unidade de Negócio Londrina,"Avenida Bandeirantes, 1154 loja 02 Jardim Ipiranga CEP:86010-020"
PR,Londrina,Unidade de Negócio Londrina Centro,"Rua Paranaguá nº 1266 - loja comercial nº 02, CEP 86020-031"
PR,Marechal Cândido Rondon,Unidade de Negócio Marechal Candido Rondon,"Rua Independencia, 213 CEP 85960-000"
PR,Maringá,Unidade de Negócio Maringa 1,"Av. Advogado Horácio Raccanello Filho, 4660 Salas: 23 e 24, Zona 10 CEP: 87030-405"
PR,Maringá,Unidade de Negócio Maringá - Centro,"Rua Benjamin Constant, nº 94 sala terrea, zona 07. CEP - 87020-060"
PR,Maringá,Unidade de Negócio Maringá Carlos Borges,"Av. Carlos Correa Borges, 1960 Loja 04 - Maringá, PR, 87060-025"
PR,Matinhos,Unidade de Negócio Matinhos,"Av. Juscelino Kubitscheck de Oliveira, 975, Matinhos - PR, 83260-000"
PR,Medianeira,Unidade de Negócio Medianeira,"Avenida Rio Grande do Sul, n°2355, Sala 01 Centro, CEP: 85884-000"
PR,Paranaguá,Unidade de Negócio Paranagua,"R. dos Expedicionários, 1160 - Ponta do Caju, Paranaguá - PR, 83206-450"
PR,Paranavaí,Unidade de Negócio Paranavai,"R. Amapá, 2011 - Centro - Paranavaí - PR, 87705-110"
PR,Pato Branco,Unidade de Negócio Pato - Branco,"Avenida Tupi, 1381 CEP: 85504-014"
PR,Pinhais,Unidade de Negócio Pinhais,"Avenida Camilo di Lellis, 819, Centro  CEP: 83323-000"
PR,Piraquara,Unidade de Negócio Piraquara,"R. Barão do Cerro Azul, 1869 - Sala 16 - Centro, Piraquara - PR, 83301-000"
PR,Ponta Grossa,Unidade de Negócio Ponta Grossa,"Avenida Bonifácio Vilela, 415, Sala 02, Centro, CEP: 84010-330"
PR,São José dos Pinhais,Unidade de Negócio São Jose dos Pinhais,"Rua Joinville, 3503, Loja 02, São Pedro, CEP: 83020-000"
PR,São Pedro,Unidade de Negócio São José dos Pinhais 2,"Rua AVENIDA DAS TORRES - Nº: 3595, São Pedro - 83005-450"
PR,Sarandi,Unidade de Negócio Sarandi,"Avenida Londrina, 165, Centro  CEP: 87111-220"
PR,Telêmaco Borba,Unidade de Negócio Telemaco Borba,"Avenida Desembargador Edmundo Mercer Junior, 294, Centro, CEP:84261-010"
PR,Toledo,Unidade de Negócio Toledo,"R. Rui Barbosa, 998 - Centro, Toledo - PR, 85900-040"
PR,Umuarama,Unidade de Negócio Umuarama,"Rua José Honório Ramos, 4067, Zona II  CEP: 87502-230"
PR,União da Vitória,Unidade de Negócio União da Vitoria,"Rua Clotário Portugal, 1050 - Sala 01 - Centro CEP: 84600-220"
Rio Grande do Sul,Bento Gonçalves,Bento Gonçalves - RS,"Senador Joaquim Pedro Salgado Filho nº468, Sala 01 CEP 95703-100"
Rio Grande do Sul,Garibaldi,Garibaldi,"Avenida Independência nº1085, Sala 02, Centro, CEP  95720000"
RJ,Campos dos Goytacazes,Campos dos Goytacazes,"Rua Tenente Cel Cardoso, 1031, loja 1, Parque Tamandaré, Campos dos Goytacazes "
RJ,Jacarepaguá,Unidade de Negócio Jacarepaguá,"Estr. do Gabinal, 313 - 103 b - Freguesia (Jacarepaguá)Rio de Janeiro - RJ, 22760-151"
RJ,Niterói,Unidade de Negócio Niterói,"Rua Miguel de Frias, 77, 18º Andar, Sala 1805  Icaraí, CEP: 24220-008"
RJ,Nova Friburgo,Unidade de Negócio Nova Friburgo,"Av. Conselheiro Július Arp, 80 - Centro, Nova Friburgo - RJ, 28623-000"
RJ,Nova Iguaçu,Unidade de Negócio Nova Iguaçu - RJ,"AV DOUTOR MARIO GUIMARAES, 428, CENTRO -  NOVA IGUAÇU - RJ"
RJ,Petrópolis,Petrópolis,"Av. Ipiranga, 439 - Sobreloja 01, 02, 03 e 04 - Centro, Petrópolis - RJ, 25610-150"
RJ,Rio de Janeiro,Unidade de Negócio Rio de Janeiro (Arpoador),"Rua Visconde de Pirajá 177, 7° andar, Ipanema, RJ, 22.410-001"
RJ,Rio de Janeiro,Unidade de Negócio São Conrado,"Estrada da Gávea, 696, sala 309 a 312, São Conrado, Rio de Janeiro - RJ, CEP 22610-002"
RJ,Rio de Janeiro,Unidade de Negócio RJ - Barra,"Av. das Américas, 2480 - Bloco 1 (grupo 208) Barra da Tijuca, CEP: 22640-101"
RJ,Rio de Janeiro,Unidade de Negócio Leblon,"Av. Ataulfo de Paiva 1251, Leblon  CEP:22440-034"
RJ,Rio de Janeiro,Unidade de Negócio Américas - RJ,"Avenida das Américas, 12.900, BI 2,Loja 104 Recreio, Recreio dos Bandeirantes, CEP 22790-702"
RJ,Rio de Janeiro,Unidade de Negócio Rio de Janeiro (Centro),"Av Nilo Peçanha 50, Sala 2902,  Centro, CEP: 20020-906"
RJ,Rio de Janeiro,Unidade de Negócio Barra Olímpica - RJ,"Av. Embaixador Abelardo Bueno nº 1, Ed. Ayrton Senna 2 (Ala C) - salas 703, 704, 705, 706 - Barra Olímpica - Rio de Janeiro, 22775-040 -Dimension Office & Park"
RJ,Rio de Janeiro,CAMPO GRANDE - RJ,"Rua Augusto de Vasconcelos, 544, Loja 111 e 112"
RJ,São Gonçalo,Unidade de Negócio São Gonçalo - RJ,"Estr. Raul Veiga, 351. Sala 501 - Raul Veiga - São Gonçalo - RJ CEP 24710-480 "
RJ,Teresópolis,Unidade de Negócio Teresopolis,"Av. Feliciano Sodré, 460 - Várzea, Teresópolis - RJ, 25963-082"
RN,Natal,Unidade de Negócio Natal,"Avenida Hermes da Fonseca, 1313, loja 02, Petrópolis  Natal - RN  CEP:59014-555"
RO,Ariquemes,Unidade de Negócios Ariquemes,"Travessa Alemanha nº 1400, Setor 01 - CEP: 76870-017"
RO,Cacoal,CACOAL,"RUA JOSE DO PATROCÍNIO, 170 - 76.963-862"
RO,JI-PARANÁ,Unidade de Negócio JI-Paraná,"DOIS DE ABRIL, 2287 SALA 01 Bairro: CENTRO JI-PARANÁ - RO"
RO,Porto Velho,Unidade de Negócio Porto Velho,"Rua Abunã, 1454 Bairro Olaria CEP 76801-273"
RO,Vilhena,Unidade de Negócio Vilhena,"Avenida Benno Luiz Graebin, 4289, Sala 02, Jardim Oliveiras - CEP: 76980-663"
RS,Bagé,Unidade de Negócio Bage,"Rua General Neto, 329 - Sala 2 - Térreo -  Centro,  CEP: 96400-380 "
RS,Canoas,Unidade de Negócio Canoas,"Rua Liberdade (Vila Rosa), 33 Marechal Rondon, CEP:92020-240 "
RS,CAPAO DA CANOA,Unidade de Negócio Capão da Canoa,"Av. Paraguassu, 557 - Zona Nova - Capão da Canoa/RS, 95555-000"
RS,Caxias do Sul,Unidade de Negócio Caxias do Sul,"R-116, Km 148, 18059 - Sagrada Família, Caxias do Sul - RS, 95054-780"
RS,Erechim,Unidade de Negócio Erechim,"Rua Pedro Álvares Cabral, 620 - 102 Centro, Erechim/RS   CEP: 99.700-252"
RS,Gramado,Unidade de Negócio Gramado,"Av. Borges de Medeiros, 1690 - Planalto - Gramado - RS, 95675-050"
RS,Lajeado,Unidade de Negócio Lajeado,"BR-386, 2220 - Sala 11 - Americano, Lajeado - RS, 95900-488"
RS,Marau,Unidade de Negócio Marau - RS,"Av Julio Borella, número 1712, Sala B, Centro - Marau - RS - CEP: 99.150-000"
RS,Novo Hamburgo,Unidade de Negócio Novo Hamburgo - RS,"R. João Antônio da Silveira, 346 - Centro Novo Hamburgo - RS, 93510-300"
RS,Passo Fundo,Unidade de Negócio Passo Fundo,"Avenida Presidente Vargas, 134 Cep: 99070-000 Centro "
RS,Pelotas,Pelotas,"R. Suzana Cortez Balreira, 191 - Sala 3 - São Gonçalo, Pelotas - RS, 96075-160"
RS,Porto Alegre,Unidade de Negócio Porto Alegre,"Av. Dr. Nilo Peçanha, 2245 - Loja 04 - Boa Vista,  CEP: 91330-001"
RS,Porto Alegre,Unidade Porto Alegre - Moinhos de Vento - RS,"Rua Mostardeiro, 12 - Loja 02 - Bairro: Moinhos de Vento - CEP: 90.430-000"
RS,Santa Maria,Unidade de Negócio Santa Maria,"Av. Pres. Vargas, 1880 - Nossa Sra. de Fátima, Santa Maria - RS, 97015-512"
RS,Torres,Torres,"Av. Benjamin Constant, 316 - Centro, Torres - RS, 95560-000"
Santa Catarina,Camboriú,Unidade de Negócio Camboriú - SC,"R. José R. da Cunha, 440 - Centro, Camboriú - SC, 88340-308"
Santa Catarina,Concórdia,Concórdia,Oswaldo Valentim zandavalli 163 sala 101 centro 
Santa Catarina,Joinville,Joinville Santo Antônio ,"R. Pres. Prudente de Moraes, 1250 - Sala 01 - Santo Antônio, Joinville - SC, 89218-000"
Santa Catarina,Porto Belo,Porto Belo Centro - SC,"Rua Pedro Reig nº 60 -  Sala 01A, Edifício Atlantia Oceanviwe Home Boutique, bairro Perequê"
SC,Balneário Camboriú,Unidade de Negócio Balneario-Camboriu,"Rua 600 (Seiscentos), 161, Sala 2B, Centro, CEP: 88330-630"
SC,BALNEARIO DE PICARRAS,Unidade Balneário Piçarras - SC,"AV EMANOEL PINTO, 2528 Loja 2"
SC,Biguaçu,Unidade de Negócio Biguaçu,"Rua Hermógenes Prazeres, 147, Centro, Biguaçu/SC, CEP: 88160-152"
SC,Blumenau,Unidade de Negócio Blumenau,"Rua  Sete de Setembro, 441 - Centro, CEP: 89010-201"
SC,Brusque,Unidade de Negócio Brusque,"Rua João Bauer, 245, Sala 2, Centro, CEP: 88350-100"
SC,Caçador,Unidade de Negócio Caçador,"Rua Osório Timermann, 226, Sala 01 - Centro, Caçador - SC, 89500-000 (Edifício Berlim)"
SC,Canoinhas ,Unidade de Negócio Canoinhas,"Rua Barão do Rio Branco, nº 821, sala nº 03, Centro  Canoinhas - SC"
SC,Chapecó,Unidade de Negócio Chapeco,"Rua Av. Getúlio Dorneles Vargas, 1487 - sala 02 Centro, CEP: 89812-900"
SC,Criciúma,Unidade de Negócio Criciuma,"Rua Princesa Isabel,40 - Edificio Primer Tower Sala 1, CEP: 88801-130"
SC,Curitibanos,Unidade de Negócio Curitibanos,"Rua Manoel Rodrigues Lima, 601, Bom Jesus, CEP 89.520- 000"
SC,Florianópolis,Unidade de Negócio Florianópolis,"Cel. Mauricio Spalding de Souza 1212 Bairro: Santa Monica - Florianopolis , CEP 88035-111 "
SC,Florianópolis,Unidade de Negócio Florianópolis Campeche,"Rua Joaquim José Antunes, 204 - Loja 3 Campeche  Cep:88065-160  Florianópolis  SC"
SC,Gaspar,Unidade de Negócio Gaspar,"Rua Duque de Caxias, 111, Sala 01  Centro, CEP:89110-052"
SC,Guaramirim,Unidade de Negócio Guaramirim,"Rua Antônio Zimmermann, 17, Centro CEP: 89270-000"
SC,Imbituba,Unidade Imbituba - SC,3 de Outubro 35 Sala 101 Centro - Imbituba SC - CEP 88.780-000
SC,Indaial,Indaial,"Av. Getúlio Vargas, 303 - Sala 02 - Centro, Indaial - SC, 89080-024"
SC,Itajaí,Unidade de Negócio Itajai,"Rua José Gall, 185, Salas 02 e 03, Edificio Catalunya, Dom Bosco, CEP: 88307-101"
SC,Itapema,Unidade de Negócio Itapema,"Avenida Nereu Ramos, 5160, Salas 8 e 9 Edifício Noah, Meia Praia, CEP: 88220-000"
SC,Itapoá,Unidade de negócio Itapoa - SC,"AVENIDA DAS MARGARIDAS, 487 - Sala 02 - Jardim Perola do Atlantico - Itapoá - SC"
SC,Jaraguá do Sul,Unidade de Negócio Baependi,"Rua: Fritz Bartel, 200 - Jaraguá do Sul - SC, 89256-120"
SC,Jaraguá do Sul,Unidade de Negócio Vila Nova - SC,"Rua 25 de julho, 278. Vila Nova, Jaraguá do Sul - SC  89559-000"
SC,Joinville,Unidade de Negócio Joinville (Atiradores),"Rua Ministro Calógeras, 1189, Atiradores  CEP:89202-005"
SC,Joinville,Unidade de Negócio  Joinville (América),"Rua Dona Francisca nº 1920, Sala 01, bairro Saguaçú, CEP 89221007"
SC,Lages,Unidade de Negócio Lages,"Av Presidente Vargas, 1475 , Coral, Lages - SC, 88509-501"
SC,Mafra,Unidade de Negócio Mafra,"Avenida Nereu Ramos, 1151 Jardim Moinho, CEP: 89300-000"
SC,Navegantes,Unidade de Negócio Navegantes,"Av. Pref. Cirino Adolfo Cabral, 8103 - 01 - Centro, Navegantes - SC, 88372-548"
SC,Palhoça,Unidade de Negócio Palhoça,"R. Portinari, 347 - Cidade Universitária  Pedra Branca, CEP: 88137-076"
SC,Pomerode,Unidade de Negócio Pomerode,"Rua Hermann Weege, 2917, sala 03, Centro - Pomerode  - Santa Catarina, Cep 89107-000"
SC,Rio do Sul,Unidade de Negócio Rio do Sul,"Alameda Aristiliano Ramos, 1731, Sala 03 Jardim América, Rio do Sul - SC,  CEP: 89160-129"
SC,São Bento do Sul,Unidade de Negócio São Bento do Sul,"Rua Capitão Ernesto Nunes, 1018, Centro  CEP: 89280-388"
SC,São Francisco do Sul,Unidade de Negócio São Francisco do Sul,"R. Rod. Duque de Caxias, 11225 - Do Ubatuba, São Francisco do Sul - SC, 89240-000"
SC,São José,Unidade de Negócio Sao Jose,"Rua Altamiro Di Bernardi, 51, Sala 06 Campinas, CEP: 88101-150"
SC,São Miguel do Oeste,Unidade de Negócio São Miguel do Oeste,"Rua XV de Novembro, Sala 03 - Centro, 700 CEP:89900-000"
SC,Sombrio,Unidade de Negócio Sombrio,"Rua Getulio Vargas, 466, Sala 02, Centro, CEP: 88960-000"
SC,Tubarão,Unidade de Negócio Tubarao,"Avenida Patrício Lima, 500, Humaitá, Tubarão, SC 88704-410"
SC,Videira,Unidade de Negócio Videira,"Rua Antônio Pinto, 133, Alvorada  CEP:89560-000"
SC,Xanxerê,Unidade de Negócio Xanxere,"Rua Olavo Bilac, 287 - SL 03 - Centro, CEP: 89820-000"
SE,Aracaju,ARACAJU - SE,"Avenida Mario Jorge Menezes Viêira, 2020 - Coroa do Meio Aracaju - SE, 49035-360 - Empresarial Atlântico Sul"
SP,Americana,Unidade de Negócio Americana - SP,"Av. Paulista - Vila Nossa Sra. de Fatima, Americana - SP, 13478-580"
SP,Araçatuba,Unidade de Negócio Araçatuba,"Rua Duque de Caxias, 1375 - Centro Araçatuba - SP CEP: 16015-615"
SP,Barueri,Unidade de Negócio Alphaville Barueri - SP,"Rua Alameda Madeira, 162, Sala 307 (Condomínio Quebec Business Center),Alphaville, CEP: 06454-010"
SP,Barueri,Unidade de Negócio Alphaville Murano SP,"Alameda Grajaú, 129 - Alphaville Industrial Barueri - SP, 06454-050"
SP,Bauru,Unidade de Negócio Bauru,"R. Antônio Alves, 21-25 - Vila Santa Teresa, Bauru - SP,  CEP: 17012-060"
SP,Campinas,Unidade de Negócio Campinas,"Dr Guilherme da Silva, 134 - Cambuí"
SP,Campinas,Unidade de Negócio Nova Campinas,"R. Piquete, 1079 - Jardim Itamarati Campinas - SP, 13092-496"
SP,Campinas,Campinas Taquaral,"Rua Carolina florence, 775. Vila Nova - Campinas Taquaral. CEP 13073-225"
SP,Guarujá,Unidade de Negócio Guaruja,"Rua Buenos Aires, 611, Sala 49, Vila Maia, CEP:11410-010"
SP,Guarulhos,Unidade de Negócio Guarulhos,"Av. Papa João XXIII, 360 - Sala 02 - Parque Renato Maia, Guarulhos - SP, 07114-100"
SP,Itararé,Unidade de Negócio Itarare,"Rua XV de Novembro, 441 - Centro, CEP:18460-007"
SP,Jundiaí,Unidade de negócio Jundiaí - SP,"Rua Capitão Cassiano Ricardo de Toledo, nº 191 - Chácara Urbana - Condomínio Golden Office Business & Mall, Térreo, Loja 30"
SP,Marília,Unidade de Negócio Marilia,"Rua Nove de Julho, 316, Sala 04, Banzato, CEP: 17515-150"
SP,Osasco,Unidade de Negócio Osasco,"Av. Visc. de Nova Granada, 1059 - Vila Osasco, CEP 06264-030"
SP,Ourinhos,Unidade de Negócio Ourinhos,"Av. Antonio de Almeida Leite , 1078  Jardim Paulista, CEP: 19907-000"
SP,Piracicaba,Unidade de Negócio Piracicaba,"Rua General Góes Monteiro, Nº 113, Jardim Elite, CEP:13.417-381"
SP,Praia Grande,Unidade de Negócio Praia Grande,"Rua Luís Antônio de Andrade Vieira, nº. 216, sala 2206, Boqueirão, Edifício Comercial Kinbor Office."
SP,Presidente Prudente,Unidade de Negócio Presidente Prudente,"Av. 14 de Setembro, 1830 (Esquina com a Rua Àlvares Machado), Vila Euclides CEP: 19015-520"
SP,Ribeirão Preto,Unidade de Negócio Ribeirão Preto,"Av Luiz Eduardo de Toledo Prado, 900  CEP: 14027-250"
SP,Ribeirão Preto,Unidade de Negócio - Jardim Botânico,"Av. Wladimir Meirelles Ferreira, 1775 - Jardim Botânico"
SP,Santo André,Santo André - Jardim,"Av. Industrial, 1680 - Salas de 1101 a 1105, torre 02 - Jardim, Santo André - SP, 09080-501"
SP,Santos,Unidade de Negócio Santos,"Rua Senador Feijó, 686, Loja 115, Vila Mathias, CEP: 11015-504"
SP,Santos,Unidade de Negócio Santos Gonzaga - SP,"Av. Ana Costa, 433, sala 85 - Gonzaga Santos - SP, 11060-003"
SP,São Bernardo do Campo,Unidade de Negócio São Bernardo do Campo,"Rua Francisco Ongaro, 56, Bairro São Bernardo do Campo, CEP 09720-160"
SP,São Caetano do Sul,Unidade de Negócio São Caetano do Sul,"Rua Piauí, 722, Santa Paula CEP: 09541-150"
SP,São Carlos,Unidade de Negócios São Carlos,"R. Alberto Lanzoni, 127 - Parque Santa Felicia Jardim, São Carlos - SP, 13562-390"
SP,São João da Boa Vista,Unidade de Negócio São João da Boa Vista,"Av. Dr. Durval Nicolau, 2379,   Alegre, São João da Boa Vista - SP,  CEP: 13874-371"
SP,São José do Rio Preto,Unidade São José do Rio Preto,"Rua General Glicerio, 3477 - Sala 02 - Vila Macedo - São José do Rio Preto - SP, 15015-400"
SP,São José dos Campos,Unidade de Negócio Jardim - Maringa,"Av. Doutor Adhemar de Barros, 1600, Jardim Maringá, CEP:12245-011"
SP,São José dos Campos,Unidade de Negócio São José dos Campos – Aquarius -  SP,"Dr Orlando Feirabend Filho, nº 230"
SP,São Paulo,Unidade de Negócio Chacara Santo Antonio,"Av. Alfredo Egidio de Souza Aranha, 75, Sala 11, Vila Cruzeiro, CEP: 04726-170"
SP,São Paulo,Unidade de Negócio Jardins,"Av. 9 de Julho, 4514 - Jardim Paulista, CEP:01406-100"
SP,São Paulo,Unidade de Negócio Moema,"Av. Ibirapuera, 2315, Cj 92 Ed. Platinum Tower Ibirapuera Indianópolis CEP: 04029-200"
SP,São Paulo,Unidade de Negócio Vila Olimpia,"Rua Funchal 263, Sala 123, 12º andar Vila Olimpia, Cep 04551060"
SP,São Paulo,Unidade de Negócio Pinheiros,"Rua Fradique Coutinho, 212, conj 123, Pinheiros, São Paulo - SPCEP 05.416-000"
SP,São Paulo,Unidade de Negócio Tatuape,"Rua Monte Serrat, 295 - Tatuapé/SP, 03312-000"
SP,São Paulo,Unidade de Negócio Penha - SP,"Rua Padre João, 428, Penha de França CEP: 03637-000"
SP,São Paulo,Unidade de Negócio Oscar Freire,"Oscar Freire, 2565, Pinheiros   CEP 05.409-012"
SP,São Paulo,Unidade de Negócio Faria Lima I,"Rua São Tomé, 86 - Vila Olímpia, São Paulo - SP, 04551-080 - (18º andar do edifício Vila Olímpia Corporate Plaza)"
SP,São Paulo,Unidade de Negócio Morumbi,"Av. Morumbi, 8215, Santo Amaro, São Paulo - SP "
SP,São Paulo,Unidade de negócio Brooklin - SP,"Rua Doutor Geraldo Campos Moreira Nº 164 cj. 32 e 33 - Brooklin, São Paulo - SP"
SP,São Paulo,Unidade de Negócio Berrini,"Avenida Engenheiro Luiz Carlos Berrini, nº 1511 - CIdade Monções - São Paulo - SP"
SP,São Paulo,Unidade de Negócio Mooca SP,"Rua Juventus, 337 - Parque da Mooca São Paulo-SP, Cep: 06463-240"
SP,São Paulo,Unidade de Negócio Jardim Paulista - SP,"Edifício Pauista Head Office - Rua Augusta, 1939, 13º andar - Conjunto 133 - CEP 01413-000"
SP,Sorocaba,Unidade de Negócio Sorocaba,"Av. Afonso Vergueiro 2714, Loja 04, Centro Comercial Taquaral Vila Augusta, CEP: 18040-000"
SP,Taubaté,Unidade de Negocio Taubaté," Rua Humaitá, Taubaté, SP, Cep: 12010-750"
TO,Palmas,Unidade de Negócio Palmas - Praça dos Girassóis,"Q ACSO 1 Rua SO 05, SN, Conj 4 Lote 41 Sala 2 - Cep:77015-018 - Palmas TO"
TO,Palmas,Unidade de Negócio Palmas,"Rua Quadra 208 Sul Avenida Ns 6, 49 - Arse, Palmas - TO, 77020-544"
